feature,mean_abs_shap_value
f0_m_plac_wt,130.09668
f0_m_GA_Del,114.49036
f0_m_fundal_ht_v2,46.223946
f0_m_abd_cir_v2,34.39161
f0_f_plt_ini,13.892493
f0_m_glu_f_v2,9.099963
f0_m_rcf_v2,8.676889
f0_m_pulse_r1_v2,8.317697
f0_m_age_eld_child,7.1386943
f0_m_g_sc_v2,7.077924
f0_m_pulse_r2_v2,6.6252704
f0_m_wbc_v1,6.0551825
f0_m_p_sc_v1,6.0502195
f0_m_abd_cir_v1,6.0257077
f0_f_ferr_ini,5.569042
f0_m_o_sc_v1,5.547321
f0_m_sys_bp_r1_v1,5.4435606
f0_m_lunch_cal_v1,5.2322044
f0_m_wt_prepreg,5.1821723
f0_f_wt_ini,5.1171536
f0_m_wt_v2,4.9841495
f0_m_bi_v1,4.9425774
f0_f_head_cir_ini,4.884555
f0_m_ch_sc_v2,4.373536
f0_m_r4_v2,4.106269
f0_m_cal_bev_v1,3.6825588
f0_m_i6_sc_v1,3.582339
f0_m_p4_sc_v2,3.579859
f0_m_e_sc_v2,3.5583403
f0_m_h8_sc_v1,3.1566463
f0_m_l_sc_v2,3.1350381
f0_m_fnot6_9_v2,3.1071458
f0_f_ly_perc_ini,3.1050396
row_index.1,3.0966868
f0_m_snacks_sc_v1,2.9452214
f0_m_glv_sc_v,2.9421117
f0_m_parity_v1,2.777658
f0_m_plt_v1,2.765907
f0_m_lunch_fat_v2,2.6854403
f0_m_hb_v1,2.6680655
f0_m_l_sc_v1,2.599523
f0_m_f11_sc_v2,2.5801067
f0_m_bmi_v1,2.5385413
f0_socio_eco_sc,2.5342875
f0_m_fat_ch_v2,2.5305445
f0_m_bmi_6yr,2.525972
f0_m_glu_f_v1,2.5089452
f0_m_wt_v1,2.440412
f0_m_fer_v2,2.4322612
f0_m_g_sc_v1,2.4210052
f0_m_ht,2.400414
f0_m_f10_sc_v1,2.3671927
f0_m_hip_prepreg,2.3482745
f0_m_brk_fst_fat_v1,2.3439453
f0_f_pfol_ini,2.3410614
f0_m_d_sc_v1,2.2890582
f0_f_ly_no_ini,2.2771277
f0_m_calcarb_v1,2.2655163
f0_m_l1_sc_v1,2.2291036
f0_m_j3_sc_v2,2.2124703
f0_m_dinner_cal_v1,2.1948614
f0_m_d3_sc_v1,2.173117
f0_m_waist_circ_v2,2.169246
f0_m_citrus_sc_v1,1.9936794
f0_m_e_sc_v1,1.9672118
f0_m_spicy_rice_sc_v2,1.9488572
f0_f_ht_ini,1.9487795
f0_m_pro_fru_v2,1.914622
f0_m_waist_circ_v1,1.9006937
f0_m_s1_v2,1.8732227
f0_m_su_v1,1.8596519
f0_f_rbc_ini,1.8350389
f0_m_ly_perc_v2,1.788151
f0_m_ss_v1,1.7827196
f0_m_p_sc_v2,1.7715558
f0_m_m2_sc_v1,1.7668252
f0_m_cal_ch_v2,1.7638302
f0_m_mid_arm_circ_v2,1.7225404
f0_m_h2_sc_v2,1.6845105
f0_m_pulse_r1_v1,1.6626102
f0_m_hb_v2,1.6380225
f0_m_fat_fru_v2,1.6205472
f0_m_fnot6_9_v1,1.5954602
f0_f_bmi_ini,1.5932378
f0_m_pro_fes_v1,1.5600481
f0_m_d3_sc_v2,1.5588536
f0_m_pro_pul_v1,1.5560161
f0_m_f_sc_v2,1.5479386
f0_m_a_sc_v1,1.5373487
f0_m_pro_bev_v2,1.5349768
f0_m_j7_sc_v2,1.5178806
f0_m_sys_bp_r2_v1,1.5177482
f0_m_rbc_v2,1.5106002
f0_m_j_sc_v2,1.4960483
f0_m_fat_glv_v2,1.4686221
f0_m_f_sc_v1,1.458817
f0_m_hip_circ_v1,1.4330958
f0_m_fer_v1,1.4305484
f0_m_rbc_v1,1.4265152
f0_m_iron_ch_v2,1.4261489
f0_m_i2_sc_v2,1.4096034
f0_m_waist_prepreg,1.4074827
f0_m_h_sc_v2,1.3765526
f0_m_cal_pul_v2,1.3756659
f0_m_b12_v1,1.3523327
f0_m_spicy_rice_sc_v1,1.3352265
f0_m_n4_n5_n6_sc_v1,1.3329836
f0_m_dinner_fat_v1,1.3255953
f0_m_j3_sc_v1,1.2922592
f0_m_c2_sc_v2,1.2724541
f0_m_s3_v1,1.2641741
f0_m_sys_bp_r2_v2,1.2510346
f0_m_calpro_v2,1.2251567
f0_m_lunch_fat_v1,1.2241367
f0_m_totiron_v1,1.2169241
f0_m_p6_sc_v1,1.2069114
f0_m_totfat_v1,1.2033626
f0_m_totcal_v2,1.1938553
f0_f_wbc_ini,1.1841241
f0_m_mid_arm_circ_v1,1.1765182
f0_m_dinner_pro_v1,1.1491889
f0_m_d_sc_v2,1.1483265
f0_m_hct_v1,1.1449203
f0_m_iron_fve_v1,1.1403775
f0_m_k3_sc_v1,1.1392837
f0_m_bmi_prepreg,1.1372455
f0_m_ss_prepreg,1.1323284
f0_m_rotis_fat_v1,1.1306273
f0_m_fat_fveg_v2,1.1258938
f0_m_b4_sc_v2,1.1250815
f0_m_totfat_v2,1.1149254
f0_m_int_sin_ma,1.0962191
f0_m_j14_sc_v2,1.093069
f0_m_cal_cer_v1,1.086962
f0_m_wbc_v2,1.0846146
f0_m_plt_v2,1.0740217
f0_m_j17_sc_v1,1.0739614
f0_m_lunch_iron_v1,1.0737523
f0_m_GA_V1,1.0736252
f0_m_rotis_iron_v2,1.0674208
f0_m_r8_v2,1.064093
f0_m_dinner_fat_v2,1.0489194
f0_m_i_sc_v2,1.0473133
f0_m_calcarb_v2,1.0418422
f0_m_brk_fst_fat_v2,1.0402635
f0_m_int_men_marr,1.0309895
f0_f_hct_ini,1.0242286
f0_m_e5_sc_v2,1.0172507
f0_m_dal_sc_v2,1.0169567
f0_m_brk_fst_iron_v1,1.0158516
f0_m_j28_sc_v1,1.0130249
f0_m_f6_f9_sc_v2,1.0093111
f0_m_pulse_r2_v1,1.004442
f0_m_GA_V2,0.99802285
f0_m_iron_fes_v1,0.99450827
f0_m_gravida_v1,0.98506576
f0_m_j18_sc_v2,0.982762
f0_m_lunch_cal_v2,0.98161393
f0_m_n_sc_v2,0.97493684
f0_m_calfat_v2,0.97266096
f0_m_dal_sc_v1,0.9700165
f0_m_e5_sc_v1,0.9698219
f0_m_c3_sc_v2,0.9662389
f0_m_totcarb_v2,0.95800215
f0_f_hip_cir_ini,0.95398563
f0_m_age,0.9453104
f0_m_o2_sc_v1,0.93634534
f0_m_n1_v2_n3_sc_v2,0.92806584
f0_m_d2_sc_v2,0.92700946
f0_m_cal_pul_v1,0.9253379
f0_m_q_sc_v1,0.91957027
f0_f_vitB12_ini,0.91763836
f0_m_liv_female_v1,0.9168056
f0_m_citrus_sc_v2,0.9152694
f0_m_bmi_v2,0.9085697
f0_m_e8_sc_v1,0.9074499
f0_m_rcf_v1,0.90569395
f0_m_b12_v2,0.90446675
f0_m_q_sc_v2,0.9042533
f0_m_fat_fveg_v1,0.89774203
f0_m_su_prepreg,0.89387447
f0_m_hip_circ_v2,0.89312446
f0_m_calfat_v1,0.8885238
f0_m_cal_bev_v2,0.8855339
f0_m_lunch_pro_v1,0.880653
f0_m_j2_sc_v1,0.879483
f0_m_iron_pul_v2,0.8782672
f0_m_calpro_v1,0.87647235
f0_m_q8_sc_v1,0.8680577
f0_m_bakery_pr_sc_v1,0.86625737
f0_m_rotis_cal_v1,0.8652106
f0_m_k_sc_v1,0.8638216
f0_m_s1_v1,0.8601816
f0_m_k_sc_v2,0.8576853
f0_m_dia_bp_r2_v1,0.85495514
f0_m_ly_no_v2,0.84097713
f0_m_sys_bp_r1_v2,0.84067917
f0_m_cal_fes_v1,0.8369822
f0_m_fat_dairy_prod_v2,0.8226743
f0_m_f11_sc_v1,0.8174281
f0_m_b_sc_v1,0.81601894
f0_m_i10_sc_v2,0.81512105
f0_m_g6_sc_v1,0.81280786
f0_m_brk_fst_iron_v2,0.81180394
f0_m_o4_sc_v2,0.80457556
f0_m_dinner_cal_v2,0.78987813
f0_m_brk_fst_cal_v1,0.7876807
f0_m_l5_sc_v2,0.7871213
f0_m_f6_f9_sc_v1,0.7775258
f0_m_ly_perc_v1,0.7763629
f0_m_j13_sc_v2,0.77614164
f0_m_m1_sc_v1,0.77498245
f0_m_a_sc_v2,0.77438563
f0_m_pro_ch_v2,0.7682915
f0_m_dinner_iron_v1,0.76660013
f0_m_su_v2,0.764412
f0_m_j6_sc_v1,0.76285034
f0_m_iron_cer_v1,0.75297093
f0_m_g1_sc_v1,0.752268
f0_m_pro_ch_v1,0.7446317
f0_m_glv_sc_v2,0.73905766
f0_f_hb_ini,0.73875594
f0_m_dinner_pro_v2,0.73606026
f0_f_glu_f_ini,0.72433585
f0_m_m4_sc_v2,0.7214731
f0_m_r5_v2,0.7206762
f0_m_f0_m_fundal_ht_v1,0.71930385
f0_m_bi_v2,0.71745014
f0_m_pro_pul_v2,0.71090263
f0_m_tr_v1,0.7009773
f0_m_fat_cer_v2,0.6961883
f0_m_f7_sc_v1,0.69507414
f0_m_d4_sc_v2,0.6943988
f0_m_rotis_fat_v2,0.68545204
f0_m_fat_pul_v2,0.67923355
f0_m_ss_v2,0.6782046
f0_m_j_sc_v1,0.6781727
f0_m_cal_dairy_prod_v2,0.67123485
f0_m_g11_sc_v2,0.66975224
f0_m_r4_v1,0.6654357
f0_m_b3_sc_v1,0.66480553
f0_m_f14_sc_v1,0.66421276
f0_m_g2_sc_v2,0.6639331
f0_m_n3_sc_v2,0.66341716
f0_m_brk_fst_cal_v2,0.65967757
f0_m_brk_fst_pro_v2,0.6581791
f0_m_r1_v1,0.6517352
f0_m_k2_sc_v2,0.6503971
f0_m_cal_fveg_v1,0.6467215
f0_m_b_sc_v2,0.64458877
f0_m_totpro_v2,0.6421963
f0_m_del_place,0.63456
f0_m_cal_fes_v2,0.6296939
f0_m_totpro_v1,0.62707055
f0_m_fat_bev_v2,0.62693506
f0_m_rotis_iron_v1,0.62604517
f0_m_i4_sc_v2,0.62301105
f0_m_i6_sc_v2,0.61237997
f0_m_dairy_sc_v2,0.608341
f0_m_f3_sc_v2,0.605499
f0_m_i4_sc_v1,0.6026451
f0_fly_size,0.60189867
f0_m_j12_sc_v2,0.59769404
f0_m_dia_bp_r2_v2,0.595037
f0_m_glv_sc_v1,0.59447366
f0_m_q1_sc_v1,0.5935317
f0_m_p1_sc_v2,0.59324527
f0_m_f13_sc_v1,0.59215266
f0_m_p4_sc_v1,0.5891656
f0_m_rotis_cal_v2,0.58488077
f0_m_g4_sc_v1,0.57631606
f0_m_c_sc_v1,0.57523096
f0_f_edu,0.5735646
f0_m_no_tm_stp_con_v2,0.5700223
f0_m_cal_fveg_v2,0.5614659
f0_m_o1_sc_v1,0.5613341
f0_m_tr_prepreg,0.5599836
f0_m_h5_sc_v1,0.55930746
f0_m_cal_cer_v2,0.5579336
f0_m_k4_sc_v2,0.5536679
f0_m_pro_dairy_prod_v2,0.55345523
f0_m_c3_sc_v1,0.550763
f0_m_rotis_carb_v1,0.548814
f0_m_cal_ch_v1,0.5470467
f0_m_n2_sc_v1,0.54657906
f0_m_j1_sc_v2,0.53957283
f0_m_meat_sc_v2,0.53952986
f0_m_f6_sc_v2,0.53369814
f0_m_f5_sc_v2,0.53050566
f0_m_d15_sc_v2,0.5275066
f0_m_pro_fru_v1,0.52683336
f0_reg_smk_hous,0.5259229
f0_m_g5_sc_v1,0.5183146
f0_m_l4_sc_v2,0.5138143
f0_m_tr_v2,0.51318514
f0_m_o_sc_v2,0.5124176
f0_m_g9_sc_v1,0.5115893
f0_m_e6_sc_v2,0.5115414
f0_m_totiron_v2,0.50905985
f0_m_totcarb_v1,0.5076435
f0_m_j7_sc_v1,0.5058007
f0_m_n5_sc_v1,0.5030467
f0_m_p2_sc_v1,0.49739948
f0_m_e6_sc_v1,0.49632183
f0_m_j8_sc_v1,0.49589327
f0_m_r1_v2,0.49554783
f0_m_dairy_sc_v1,0.49128464
f0_m_j4_sc_v2,0.4879631
f0_m_i1_sc_v2,0.48599723
f0_m_r7_v1,0.48382095
f0_m_fat_pul_v1,0.4772504
f0_m_iron_dairy_prod_v2,0.47650152
f0_m_pro_fveg_v2,0.47563833
f0_m_g13_sc_v2,0.4750445
f0_m_n2_sc_v2,0.4704656
f0_m_h_sc_v1,0.4689013
f0_m_lunch_iron_v2,0.46818432
f0_m_totcal_v1,0.46324927
f0_m_h5_sc_v2,0.46188426
f0_m_iron_fes_v2,0.4597934
f0_m_n4_n5_n6_sc_v2,0.4592253
f0_m_fat_fru_v1,0.45854658
f0_m_edu,0.4573446
f0_m_cal_fru_v2,0.45201474
f0_m_dia_bp_r1_v1,0.44749
f0_m_bakery_pr_sc_v2,0.4418848
f0_m_s3_v2,0.44145653
f0_m_iron_fru_v2,0.44139233
f0_m_f14_sc_v2,0.4388741
f0_m_pro_bev_v1,0.4333574
f0_m_c2_sc_v1,0.4297235
f0_m_pro_cer_v1,0.42756143
f0_m_ani_pro_v1,0.42247412
f0_m_ly_no_v1,0.4201164
f0_m_brk_fst_pro_v1,0.41934025
f0_m_a1_sc_v1,0.41843492
f0_m_m2_sc_v2,0.4180526
f0_m_f10_sc_v2,0.41730678
f0_m_f19_sc_v1,0.41677904
f0_m_q2_sc_v1,0.40603447
f0_m_j15_sc_v1,0.4035456
f0_m_f19_sc_v2,0.40344626
f0_f_waist_circ_ini,0.4015664
f0_m_bi_prepreg,0.3982257
f0_f_bmi_6yrs,0.39384
f0_m_r9_v2,0.39377904
f0_m_rotis_pro_v1,0.39198756
f0_m_d7_sc_v2,0.38688052
f0_m_int_marr_eld_child,0.3867834
f0_m_h7_sc_v2,0.38535738
f0_house_type,0.38522235
f0_m_q3_sc_v1,0.38394478
f0_m_hct_v2,0.3838853
f0_m_m_sc_v2,0.38351557
f0_m_j11_sc_v1,0.37980437
f0_m_p9_sc_v2,0.37953728
f0_m_j6_sc_v2,0.37949795
f0_m_l2_sc_v1,0.37912932
f0_m_cal_fru_v1,0.37904143
f0_m_g7_sc_v1,0.37866363
f0_m_n4_sc_v1,0.376945
f0_m_p3_sc_v2,0.37682003
f0_m_b1_sc_v2,0.37604773
f0_m_pro_fveg_v1,0.37484813
f0_m_iron_cer_v2,0.37412956
f0_m_h1_sc_v1,0.36175948
f0_m_n1_sc_v1,0.35477483
f0_m_p3_sc_v1,0.3524207
f0_m_i2_sc_v1,0.34944504
f0_m_i5_sc_v2,0.34785467
f0_m_q6_sc_v1,0.34767222
f0_m_e7_sc_v1,0.34422988
f0_m_iron_fve_v2,0.34416986
f0_m_dia_bp_r1_v2,0.33827534
f0_m_f7_sc_v2,0.3378372
f0_m_e1_sc_v1,0.3314471
f0_m_fat_cer_v1,0.33114952
f0_m_cal_glv_v1,0.32947034
f0_m_s2_v2,0.32937557
f0_m_p5_sc_v2,0.32335943
f0_m_j2_sc_v2,0.32199115
f0_m_h1_sc_v2,0.3191427
f0_m_ma_prepreg,0.3181497
f0_m_fat_fes_v1,0.3159493
f0_m_ani_pro_v2,0.31404534
f0_m_h3_sc_v1,0.3139563
f0_m_d9_sc_v2,0.313935
f0_m_g8_sc_v1,0.31183147
f0_m_ch_sc_v1,0.31070015
f0_m_f9_sc_v1,0.30999684
f0_m_snacks_sc_v2,0.3087368
f0_m_a4_sc_v1,0.30677602
f0_m_h6_sc_v1,0.29796436
f0_m_lunch_pro_v2,0.29684097
f0_m_i_sc_v1,0.29450235
f0_m_d8_sc_v2,0.29421207
f0_m_d14_sc_v2,0.293146
f0_m_e7_sc_v2,0.2921782
f0_m_h4_sc_v2,0.2870549
f0_m_d1_sc_v1,0.28424743
f0_m_n1_v2_n3_sc_v1,0.28376928
f0_m_liv_male_v1,0.28291205
f0_edu_hou_head,0.28262174
f0_m_d1_sc_v2,0.28134343
f0_m_o10_sc_v2,0.281059
f0_m_k5_sc_v2,0.27752823
f0_m_j1_sc_v1,0.27633366
f0_m_fat_ch_v1,0.27257067
f0_m_n_sc_v1,0.27209586
f0_m_q8_sc_v2,0.27179983
f0_m_d11_sc_v2,0.27050805
f0_m_e2_sc_v1,0.26796222
f0_m_f13_sc_v2,0.26784945
f0_m_b2_sc_v1,0.2672586
f0_m_j10_sc_v2,0.25980255
f0_m_q7_sc_v2,0.2594615
f0_m_b1_sc_v1,0.25607088
f0_m_q7_sc_v1,0.25606
f0_m_no_tm_stp_con_v1,0.25212651
f0_m_p2_sc_v2,0.250524
f0_m_b2_sc_v2,0.25000116
f0_m_f6_sc_v1,0.24780479
f0_m_f2_sc_v2,0.24634235
f0_m_f1_sc_v1,0.24447274
f0_m_q4_sc_v2,0.24396618
f0_m_j22_sc_v1,0.23837842
f0_m_meat_sc_v1,0.23736683
f0_m_k1_sc_v2,0.2364596
f0_m_g3_sc_v1,0.23590918
f0_m_e8_sc_v2,0.23527648
f0_m_d5_sc_v2,0.23520707
f0_m_iron_bev_v1,0.23393132
f0_m_e10_sc_v2,0.23369373
f0_m_d6_sc_v1,0.23300475
f0_m_j26_sc_v1,0.23237531
f0_m_e4_sc_v1,0.23132345
f0_m_j8_sc_v2,0.2308437
f0_m_n5_sc_v2,0.2252099
f0_m_m_sc_v1,0.22407138
f0_m_p12_sc_v2,0.2230315
f0_m_j18_sc_v1,0.22274163
f0_m_c_sc_v2,0.22147346
f0_m_l3_sc_v2,0.21865463
f0_m_seas_ffq_v1,0.21851692
f0_m_o2_sc_v2,0.21371196
f0_type_fly,0.2113486
f0_m_no_tm_cit_con_vv2,0.20970166
f0_m_rotis_carb_v2,0.20888546
f0_m_h6_sc_v2,0.20805512
f0_m_b5_sc_v2,0.20793617
f0_m_iron_glv_v1,0.2066315
f0_m_glv_con_sc_v1,0.20623666
f0_m_i3_sc_v2,0.20515752
f0_m_m3_sc_v1,0.2044738
f0_m_b4_sc_v1,0.20207536
f0_m_g12_sc_v1,0.20171045
f0_m_g6_sc_v2,0.20166172
f0_m_m4_sc_v1,0.20087141
f0_m_iron_pul_v1,0.19922991
f0_m_b3_sc_v2,0.1989279
f0_m_j28_sc_v2,0.19886975
f0_two_wheeler,0.19788183
f0_m_no_tm_roti_v1,0.19518167
f0_m_fat_dairy_prod_v1,0.19508855
f0_m_tobacco,0.1944304
f0_m_f4_sc_v2,0.19412231
f0_m_frut_con_v2,0.19373178
f0_m_pro_cer_v2,0.19242696
f0_m_fat_bev_v1,0.19181827
f0_m_a2_sc_v1,0.19173434
f0_m_f1_sc_v2,0.1875717
f0_m_g2_sc_v1,0.1865697
f0_m_pro_glv_v2,0.18521403
f0_m_j16_sc_v1,0.18334277
f0_m_j9_sc_v2,0.18045984
f0_m_r5_v1,0.17999455
f0_m_o9_sc_v1,0.17998624
f0_m_i1_sc_v1,0.17888886
f0_m_n6_sc_v1,0.17565991
f0_m_fat_glv_v1,0.17523165
f0_m_i5_sc_v1,0.17259848
f0_m_g12_sc_v2,0.16991912
f0_m_j4_sc_v1,0.1696249
f0_m_fish_sc_v2,0.16906747
f0_m_s4_v2,0.16532317
f0_m_e9_sc_v2,0.16349635
f0_m_h7_sc_v1,0.16250193
f0_m_k5_sc_v1,0.15908869
f0_m_h8_sc_v2,0.15896872
f0_m_n6_sc_v2,0.15827759
f0_m_d10_sc_v1,0.15774949
f0_m_e2_sc_v2,0.15719165
f0_m_j12_sc_v1,0.15370902
f0_m_c1_sc_v2,0.15226161
f0_m_b5_sc_v1,0.1507049
f0_m_o3_sc_v1,0.14880478
f0_m_p12_sc_v1,0.14739384
f0_m_k3_sc_v2,0.14566092
f0_m_m5_sc_v2,0.14446704
f0_m_k1_sc_v1,0.14263046
f0_m_rotis_pro_v2,0.14248027
f0_m_no_tm_roti_v2,0.14226577
f0_frm_power,0.14216122
f0_m_o1_sc_v2,0.13985223
f0_m_d5_sc_v1,0.13635436
f0_m_p10_sc_v1,0.13414602
f0_m_d7_sc_v1,0.1314612
f0_m_d15_sc_v1,0.13108665
f0_m_j33_sc_v1,0.13106562
f0_m_a4_sc_v2,0.13035835
f0_m_f3_sc_v1,0.13021232
f0_m_d16_sc_v2,0.12974809
f0_m_cal_glv_v2,0.12728861
f0_m_h2_sc_v1,0.12370173
f0_m_g5_sc_v2,0.12127662
f0_m_r9_v1,0.12034884
f0_m_cal_dairy_prod_v1,0.119241044
f0_m_j22_sc_v2,0.11844967
f0_m_no_tm_dairy_con_v1,0.118327
f0_m_dinner_iron_v2,0.11761378
f0_m_r8_v1,0.11586799
f0_m_n18_sc_v2,0.11304419
f0_caste_fly,0.11288629
f0_m_no_tm_glv_con_v1,0.11170572
f0_m_g10_sc_v1,0.11107537
f0_m_no_tm_rice_v1,0.108828984
f0_m_a2_sc_v2,0.10673439
f0_m_nonveg_v1,0.105337694
f0_m_r7_v2,0.10302132
f0_m_g4_sc_v2,0.10285993
f0_m_o8_sc_v1,0.10149773
f0_m_e9_sc_v1,0.10106889
f0_m_j26_sc_v2,0.10085364
f0_m_l2_sc_v2,0.09858367
f0_m_j11_sc_v2,0.09830598
f0_m_fishcons_v2,0.09692964
f0_m_iron_ch_v1,0.09641286
f0_m_e11_sc_v1,0.09530866
f0_m_iron_fru_v1,0.09410286
f0_m_p9_sc_v1,0.09384068
f0_m_g1_sc_v2,0.09353393
f0_m_j16_sc_v2,0.091133535
f0_m_m7_sc_v1,0.090751335
f0_m_iron_bev_v2,0.09070626
f0_m_l1_sc_v2,0.08735908
f0_m_n10_sc_v1,0.08697816
f0_m_e3_sc_v2,0.084108956
f0_m_l5_sc_v1,0.08224552
f0_m_h3_sc_v2,0.08164106
f0_m_d2_sc_v1,0.08105692
f0_m_f4_sc_v1,0.08014689
f0_m_dairy_con_v1,0.07746005
f0_m_no_tm_puls_v2,0.07580189
f0_m_q1_sc_v2,0.07380673
f0_m_i9_sc_v2,0.07145066
f0_m_nonveg_v2,0.07143614
f0_m_n4_sc_v2,0.070179135
f0_m_o6_sc_v1,0.07003647
f0_m_m1_sc_v2,0.0689774
f0_m_f15_sc_v1,0.06775914
f0_m_pro_glv_v1,0.06752431
f0_electricity,0.067363806
f0_m_e1_sc_v2,0.067343764
f0_m_j10_sc_v1,0.06255901
f0_bull_cart,0.061755612
f0_m_k4_sc_v1,0.059497137
f0_m_g10_sc_v2,0.05835082
f0_m_e4_sc_v2,0.057761554
f0_m_f2_sc_v1,0.054628607
f0_m_d11_sc_v1,0.052392732
f0_m_fishsc_sc_v1,0.05152884
f0_m_j14_sc_v1,0.050201144
f0_m_d14_sc_v1,0.049265165
f0_m_f12_sc_v2,0.04917945
f0_m_d8_sc_v1,0.04795712
f0_m_del_atten,0.046567667
f0_m_f9_sc_v2,0.04633303
f0_m_n18_sc_v1,0.045682836
f0_m_d9_sc_v1,0.045288548
f0_m_seas_ffq_v2,0.04455677
f0_m_f12_sc_v1,0.0442938
f0_m_j5_sc_v2,0.04357442
f0_m_no_tm_non_veg_con_v2,0.043207243
f0_m_s2_v1,0.043081224
f0_contra_pre,0.042101126
f0_m_p10_sc_v2,0.04069872
f0_m_fat_fes_v2,0.040202156
f0_m_iron_dairy_prod_v1,0.039902017
f0_m_no_tm_cit_con_v1,0.03884378
f0_m_no_tm_fru_v2,0.037868395
f0_tape_rec,0.03662463
f0_m_m6_sc_v2,0.03570571
f0_m_m5_sc_v1,0.033665527
f0_m_no_tm_fru_v1,0.033044178
f0_m_d4_sc_v1,0.03247711
f0_m_j15_sc_v2,0.031679355
f0_m_p5_sc_v1,0.03143394
f0_m_n13_sc_v2,0.03064575
f0_m_g7_sc_v2,0.03039075
f0_m_d6_sc_v2,0.029643709
f0_m_no_tm_glv_con_v2,0.028982496
f0_m_pro_fes_v2,0.028856179
f0_m_e3_sc_v1,0.028386017
f0_m_no_tm_rice_v2,0.026699793
f0_occ_hou_head,0.026425572
f0_m_k2_sc_v1,0.026196776
f0_m_m6_sc_v1,0.025707854
f0_fly_lnd_own,0.024886712
f0_m_iron_glv_v2,0.023764499
f0_m_vomit_v1,0.022912253
f0_m_no_tm_dairy_con_v2,0.022411788
f0_m_e10_sc_v1,0.02176849
f0_m_dairy_con_v2,0.021609653
f0_m_p13_sc_v1,0.020643711
f0_m_m3_sc_v2,0.019814529
f0_m_g9_sc_v2,0.019221205
f0_m_o6_sc_v2,0.01916458
f0_m_n3_sc_v1,0.01856226
f0_m_p7_sc_v2,0.017596118
f0_m_iron_tab_v2,0.017328432
f0_m_o3_sc_v2,0.016194135
f0_m_j13_sc_v1,0.014492241
f0_m_h4_sc_v1,0.014100262
f0_m_c1_sc_v1,0.013009067
f0_m_p1_sc_v1,0.013004028
f0_m_no_tm_non_veg_con_v1,0.012901774
f0_m_n7_sc_v2,0.011883094
f0_m_abor_v1,0.011286433
f0_m_d16_sc_v1,0.010841138
f0_m_p6_sc_v2,0.010037482
f0_m_s4_v1,0.009086072
f0_m_j9_sc_v1,0.008093818
f0_m_g3_sc_v2,0.007900183
f0_m_fishcons_v1,0.007893104
f0_m_j19_sc_v1,0.007657609
f0_m_i3_sc_v1,0.00743645
f0_m_o10_sc_v1,0.006581437
f0_m_r2_v2,0.006460337
f0_m_q4_sc_v1,0.006164276
f0_m_g8_sc_v2,0.005858171
f0_m_i9_sc_v1,0.005849286
f0_m_n7_sc_v1,0.005754908
f0_m_no_tm_puls_v1,0.005301386
f0_m_q3_sc_v2,0.005060839
f0_m_pro_dairy_prod_v1,0.004716218
f0_m_o9_sc_v2,0.004567013
f0_m_j19_sc_v2,0.004424371
f0_cycle,0.003956889
f0_m_frut_con_v1,0.002681997
f0_m_no_tm_milk_v2,0.002428986
f0_milch_ani,0.002158375
f0_m_q2_sc_v2,0.001809602
f0_m_i10_sc_v1,0.001740966
f0_m_o5_sc_v1,0.001705212
f0_m_d10_sc_v2,0.001637072
f0_m_e11_sc_v2,0.001559738
f0_m_o8_sc_v2,0.001476059
f0_m_r2_v1,0.000664817
f0_dist_feat,0.000456718
f0_m_tea_ani_pro_v1,0.000417821
f0_m_iron_tab_v1,0.000394736
f0_iron_well,0.000360326
f0_m_d12_sc_v2,0.000178788
f0_m_no_tm_milk_v1,0.000147117
f0_m_n13_sc_v1,0.000109012
f0_m_f5_sc_v1,6.81E-05
f0_m_n8_sc_v2,0
f0_m_f17_sc_v1,0
f0_m_tea_ani_pro_v2,0
f0_m_o11_sc_v2,0
f0_m_e14_sc_v1,0
f0_m_f16_sc_v1,0
f0_m_e13_sc_v1,0
f0_m_e12_sc_v1,0
f0_m_f18_sc_v1,0
f0_m_o5_sc_v2,0
f0_m_m8_sc_v2,0
f0_m_p8_sc_v2,0
f0_m_d13_sc_v1,0
f0_m_d17_sc_v1,0
f0_m_m7_sc_v2,0
f0_m_o7_sc_v2,0
f0_m_p13_sc_v2,0
f0_m_f8_sc_v1,0
f0_m_p11_sc_v2,0
f0_m_m9_sc_v2,0
f0_m_n1_sc_v2,0
f0_m_d12_sc_v1,0
f0_m_n20_sc_v2,0
f0_m_c6_sc_v1,0
f0_m_smoke,0
f0_m_bleed_per_vag_v1,0
f0_m_jaun_v1,0
f0_m_fever_v1,0
f0_m_diarr_v1,0
f0_m_preterm_del_v1,0
f0_m_neo_death_v1,0
f0_m_still_birth_v1,0
f0_m_mtp_v1,0
f0_m_alcohol,0
f0_m_chw_betal_nut,0
f0_m_n17_sc_v2,0
f0_m_othr_dis,0
f0_m_othr_hist_v1,0
f0_m_anae,0
f0_m_renal_dis,0
f0_m_hrt_dis,0
f0_m_tuber,0
f0_m_diab,0
f0_m_hyp_non_preg,0
f0_m_hyp_preg,0
f0_m_n16_sc_v2,0
f0_m_n15_sc_v2,0
f0_m_n14_sc_v2,0
f0_m_n12_sc_v2,0
f0_m_no_of_epi_v1,0
f0_m_curr_med_v1,0
f0_m_c5_sc_v1,0
f0_m_ante_comp,0
f0_m_c4_sc_v1,0
f0_m_b7_sc_v1,0
f0_m_b6_sc_v1,0
f0_m_n9_sc_v2,0
f0_m_a3_sc_v1,0
f0_m_f21_sc_v1,0
f0_m_pst_prt_comp,0
f0_m_del_outcome,0
f0_m_n19_sc_v2,0
f0_m_del_mode,0
f0_m_intra_comp,0
f0_m_diag_preg_v2,0
f0_m_sys_ex_v1,0
f0_m_sys_ex_v2,0
f0_m_no_iron_tab_v2,0
f0_m_curr_med_v2,0
f0_m_othr_hist_v2,0
f0_m_no_of_epi_v2,0
f0_m_bleed_per_vag_v2,0
f0_m_jaun_v2,0
f0_m_fever_v2,0
f0_m_diarr_v2,0
f0_m_vomit_v2,0
f0_m_diag_preg_v1,0
f0_m_f20_sc_v1,0
f0_m_j5_sc_v1,0
f0_m_f22_sc_v1,0
f0_m_a3_sc_v2,0
f0_m_a1_sc_v2,0
f0_m_s5_v1,0
f0_m_r6_v1,0
f0_m_r3_v1,0
f0_m_q13_sc_v1,0
f0_m_q12_sc_v1,0
f0_m_q11_sc_v1,0
f0_m_q10_sc_v1,0
f0_m_q9_sc_v1,0
f0_m_q5_sc_v1,0
f0_m_j20_sc_v2,0
f0_m_j21_sc_v2,0
f0_m_j23_sc_v2,0
f0_m_p14_sc_v1,0
f0_m_j24_sc_v2,0
f0_m_p11_sc_v1,0
f0_m_j25_sc_v2,0
f0_m_j27_sc_v2,0
f0_m_p8_sc_v1,0
f0_m_p7_sc_v1,0
f0_m_o11_sc_v1,0
f0_m_j29_sc_v2,0
f0_m_j30_sc_v2,0
f0_m_j17_sc_v2,0
f0_m_b6_sc_v2,0
f0_m_p14_sc_v2,0
f0_m_b7_sc_v2,0
f0_m_f21_sc_v2,0
f0_m_f20_sc_v2,0
f0_m_f18_sc_v2,0
f0_m_f17_sc_v2,0
f0_m_f16_sc_v2,0
f0_m_f15_sc_v2,0
f0_m_f8_sc_v2,0
f0_m_g14_sc_v2,0
f0_m_e14_sc_v2,0
f0_m_e13_sc_v2,0
f0_m_e12_sc_v2,0
f0_m_g17_sc_v2,0
f0_m_g18_sc_v2,0
f0_m_h9_sc_v2,0
f0_m_h10_sc_v2,0
f0_m_i7_sc_v2,0
f0_m_d17_sc_v2,0
f0_m_i8_sc_v2,0
f0_m_d13_sc_v2,0
f0_m_c6_sc_v2,0
f0_m_c5_sc_v2,0
f0_m_c4_sc_v2,0
f0_m_i11_sc_v2,0
f0_m_o7_sc_v1,0
f0_m_n11_sc_v2,0
f0_m_o4_sc_v1,0
f0_m_j31_sc_v2,0
f0_m_j23_sc_v1,0
f0_m_j21_sc_v1,0
f0_m_j20_sc_v1,0
f0_m_s5_v2,0
f0_m_l6_sc_v2,0
f0_m_r6_v2,0
f0_m_r3_v2,0
f0_m_f22_sc_v2,0
f0_m_q13_sc_v2,0
f0_m_q12_sc_v2,0
f0_m_i11_sc_v1,0
f0_m_q11_sc_v2,0
f0_m_q10_sc_v2,0
f0_m_i8_sc_v1,0
f0_m_q9_sc_v2,0
f0_m_i7_sc_v1,0
f0_m_q6_sc_v2,0
f0_m_h10_sc_v1,0
f0_m_h9_sc_v1,0
f0_m_q5_sc_v2,0
f0_m_g14_sc_v1,0
f0_m_g13_sc_v1,0
f0_m_g11_sc_v1,0
f0_m_j24_sc_v1,0
f0_m_j25_sc_v1,0
f0_m_j27_sc_v1,0
f0_m_n8_sc_v1,0
f0_m_n20_sc_v1,0
f0_m_n19_sc_v1,0
f0_m_j32_sc_v2,0
f0_m_n17_sc_v1,0
f0_m_n16_sc_v1,0
f0_m_n15_sc_v1,0
f0_m_n14_sc_v1,0
f0_m_n12_sc_v1,0
f0_m_n11_sc_v1,0
f0_m_n9_sc_v1,0
f0_m_m9_sc_v1,0
f0_m_j29_sc_v1,0
f0_m_m8_sc_v1,0
f0_m_l6_sc_v1,0
f0_m_l4_sc_v1,0
f0_m_l3_sc_v1,0
f0_m_k6_sc_v1,0
f0_m_j33_sc_v2,0
f0_m_k6_sc_v2,0
f0_m_j32_sc_v1,0
f0_m_j31_sc_v1,0
f0_m_j30_sc_v1,0
f0_m_n10_sc_v2,0
